<annotation>
	<folder>images</folder>
	<filename>base - Copy (9) - Copy.jpg</filename>
	<path>D:\PythonProject\MaskRCNN\workspace\images\base - Copy (9) - Copy.jpg</path>
	<source>
		<database>Unknown</database>
	</source>
	<size>
		<width>860</width>
		<height>627</height>
		<depth>3</depth>
	</size>
	<segmented>0</segmented>
	<object>
		<name>c1</name>
		<pose>Unspecified</pose>
		<truncated>0</truncated>
		<difficult>0</difficult>
		<bndbox>
			<xmin>86</xmin>
			<ymin>66</ymin>
			<xmax>126</xmax>
			<ymax>113</ymax>
		</bndbox>
	</object>
	<object>
		<name>c2</name>
		<pose>Unspecified</pose>
		<truncated>0</truncated>
		<difficult>0</difficult>
		<bndbox>
			<xmin>161</xmin>
			<ymin>43</ymin>
			<xmax>213</xmax>
			<ymax>113</ymax>
		</bndbox>
	</object>
	<object>
		<name>c3</name>
		<pose>Unspecified</pose>
		<truncated>0</truncated>
		<difficult>0</difficult>
		<bndbox>
			<xmin>301</xmin>
			<ymin>84</ymin>
			<xmax>327</xmax>
			<ymax>112</ymax>
		</bndbox>
	</object>
	<object>
		<name>c4</name>
		<pose>Unspecified</pose>
		<truncated>0</truncated>
		<difficult>0</difficult>
		<bndbox>
			<xmin>354</xmin>
			<ymin>57</ymin>
			<xmax>410</xmax>
			<ymax>114</ymax>
		</bndbox>
	</object>
	<object>
		<name>c5</name>
		<pose>Unspecified</pose>
		<truncated>0</truncated>
		<difficult>0</difficult>
		<bndbox>
			<xmin>493</xmin>
			<ymin>86</ymin>
			<xmax>519</xmax>
			<ymax>116</ymax>
		</bndbox>
	</object>
	<object>
		<name>c6</name>
		<pose>Unspecified</pose>
		<truncated>0</truncated>
		<difficult>0</difficult>
		<bndbox>
			<xmin>690</xmin>
			<ymin>92</ymin>
			<xmax>717</xmax>
			<ymax>116</ymax>
		</bndbox>
	</object>
	<object>
		<name>c7</name>
		<pose>Unspecified</pose>
		<truncated>0</truncated>
		<difficult>0</difficult>
		<bndbox>
			<xmin>766</xmin>
			<ymin>75</ymin>
			<xmax>826</xmax>
			<ymax>122</ymax>
		</bndbox>
	</object>
	<object>
		<name>c9</name>
		<pose>Unspecified</pose>
		<truncated>0</truncated>
		<difficult>0</difficult>
		<bndbox>
			<xmin>108</xmin>
			<ymin>525</ymin>
			<xmax>151</xmax>
			<ymax>583</ymax>
		</bndbox>
	</object>
	<object>
		<name>c10</name>
		<pose>Unspecified</pose>
		<truncated>0</truncated>
		<difficult>0</difficult>
		<bndbox>
			<xmin>230</xmin>
			<ymin>528</ymin>
			<xmax>261</xmax>
			<ymax>558</ymax>
		</bndbox>
	</object>
	<object>
		<name>c11</name>
		<pose>Unspecified</pose>
		<truncated>0</truncated>
		<difficult>0</difficult>
		<bndbox>
			<xmin>297</xmin>
			<ymin>523</ymin>
			<xmax>362</xmax>
			<ymax>586</ymax>
		</bndbox>
	</object>
	<object>
		<name>c12</name>
		<pose>Unspecified</pose>
		<truncated>0</truncated>
		<difficult>0</difficult>
		<bndbox>
			<xmin>386</xmin>
			<ymin>523</ymin>
			<xmax>414</xmax>
			<ymax>584</ymax>
		</bndbox>
	</object>
	<object>
		<name>c13</name>
		<pose>Unspecified</pose>
		<truncated>0</truncated>
		<difficult>0</difficult>
		<bndbox>
			<xmin>496</xmin>
			<ymin>521</ymin>
			<xmax>537</xmax>
			<ymax>556</ymax>
		</bndbox>
	</object>
	<object>
		<name>c14</name>
		<pose>Unspecified</pose>
		<truncated>0</truncated>
		<difficult>0</difficult>
		<bndbox>
			<xmin>682</xmin>
			<ymin>522</ymin>
			<xmax>749</xmax>
			<ymax>582</ymax>
		</bndbox>
	</object>
</annotation>
