<annotation>
	<folder>images</folder>
	<filename>base - Copy (8) - Copy.jpg</filename>
	<path>D:\PythonProject\MaskRCNN\workspace\images\base - Copy (8) - Copy.jpg</path>
	<source>
		<database>Unknown</database>
	</source>
	<size>
		<width>860</width>
		<height>627</height>
		<depth>3</depth>
	</size>
	<segmented>0</segmented>
	<object>
		<name>c1</name>
		<pose>Unspecified</pose>
		<truncated>0</truncated>
		<difficult>0</difficult>
		<bndbox>
			<xmin>86</xmin>
			<ymin>67</ymin>
			<xmax>129</xmax>
			<ymax>114</ymax>
		</bndbox>
	</object>
	<object>
		<name>c2</name>
		<pose>Unspecified</pose>
		<truncated>0</truncated>
		<difficult>0</difficult>
		<bndbox>
			<xmin>162</xmin>
			<ymin>42</ymin>
			<xmax>215</xmax>
			<ymax>113</ymax>
		</bndbox>
	</object>
	<object>
		<name>c3</name>
		<pose>Unspecified</pose>
		<truncated>0</truncated>
		<difficult>0</difficult>
		<bndbox>
			<xmin>302</xmin>
			<ymin>84</ymin>
			<xmax>328</xmax>
			<ymax>113</ymax>
		</bndbox>
	</object>
	<object>
		<name>c4</name>
		<pose>Unspecified</pose>
		<truncated>0</truncated>
		<difficult>0</difficult>
		<bndbox>
			<xmin>354</xmin>
			<ymin>59</ymin>
			<xmax>407</xmax>
			<ymax>115</ymax>
		</bndbox>
	</object>
	<object>
		<name>c5</name>
		<pose>Unspecified</pose>
		<truncated>0</truncated>
		<difficult>0</difficult>
		<bndbox>
			<xmin>494</xmin>
			<ymin>87</ymin>
			<xmax>519</xmax>
			<ymax>115</ymax>
		</bndbox>
	</object>
	<object>
		<name>c6</name>
		<pose>Unspecified</pose>
		<truncated>0</truncated>
		<difficult>0</difficult>
		<bndbox>
			<xmin>690</xmin>
			<ymin>92</ymin>
			<xmax>716</xmax>
			<ymax>115</ymax>
		</bndbox>
	</object>
	<object>
		<name>c14</name>
		<pose>Unspecified</pose>
		<truncated>0</truncated>
		<difficult>0</difficult>
		<bndbox>
			<xmin>680</xmin>
			<ymin>525</ymin>
			<xmax>746</xmax>
			<ymax>582</ymax>
		</bndbox>
	</object>
	<object>
		<name>c13</name>
		<pose>Unspecified</pose>
		<truncated>0</truncated>
		<difficult>0</difficult>
		<bndbox>
			<xmin>497</xmin>
			<ymin>524</ymin>
			<xmax>536</xmax>
			<ymax>556</ymax>
		</bndbox>
	</object>
	<object>
		<name>c12</name>
		<pose>Unspecified</pose>
		<truncated>0</truncated>
		<difficult>0</difficult>
		<bndbox>
			<xmin>388</xmin>
			<ymin>524</ymin>
			<xmax>413</xmax>
			<ymax>585</ymax>
		</bndbox>
	</object>
	<object>
		<name>c11</name>
		<pose>Unspecified</pose>
		<truncated>0</truncated>
		<difficult>0</difficult>
		<bndbox>
			<xmin>300</xmin>
			<ymin>522</ymin>
			<xmax>365</xmax>
			<ymax>584</ymax>
		</bndbox>
	</object>
	<object>
		<name>c10</name>
		<pose>Unspecified</pose>
		<truncated>0</truncated>
		<difficult>0</difficult>
		<bndbox>
			<xmin>229</xmin>
			<ymin>525</ymin>
			<xmax>263</xmax>
			<ymax>559</ymax>
		</bndbox>
	</object>
	<object>
		<name>c9</name>
		<pose>Unspecified</pose>
		<truncated>0</truncated>
		<difficult>0</difficult>
		<bndbox>
			<xmin>108</xmin>
			<ymin>523</ymin>
			<xmax>149</xmax>
			<ymax>581</ymax>
		</bndbox>
	</object>
	<object>
		<name>c8</name>
		<pose>Unspecified</pose>
		<truncated>0</truncated>
		<difficult>0</difficult>
		<bndbox>
			<xmin>32</xmin>
			<ymin>528</ymin>
			<xmax>90</xmax>
			<ymax>585</ymax>
		</bndbox>
	</object>
</annotation>
