<annotation>
	<folder>images</folder>
	<filename>basehorz - Copy (2).jpg</filename>
	<path>D:\PythonProject\MaskRCNN\workspace\images\basehorz - Copy (2).jpg</path>
	<source>
		<database>Unknown</database>
	</source>
	<size>
		<width>800</width>
		<height>600</height>
		<depth>3</depth>
	</size>
	<segmented>0</segmented>
	<object>
		<name>c1</name>
		<pose>Unspecified</pose>
		<truncated>0</truncated>
		<difficult>0</difficult>
		<bndbox>
			<xmin>662</xmin>
			<ymin>57</ymin>
			<xmax>717</xmax>
			<ymax>89</ymax>
		</bndbox>
	</object>
	<object>
		<name>c2</name>
		<pose>Unspecified</pose>
		<truncated>0</truncated>
		<difficult>0</difficult>
		<bndbox>
			<xmin>663</xmin>
			<ymin>109</ymin>
			<xmax>745</xmax>
			<ymax>149</ymax>
		</bndbox>
	</object>
	<object>
		<name>c3</name>
		<pose>Unspecified</pose>
		<truncated>0</truncated>
		<difficult>0</difficult>
		<bndbox>
			<xmin>662</xmin>
			<ymin>209</ymin>
			<xmax>690</xmax>
			<ymax>229</ymax>
		</bndbox>
	</object>
	<object>
		<name>c4</name>
		<pose>Unspecified</pose>
		<truncated>0</truncated>
		<difficult>0</difficult>
		<bndbox>
			<xmin>661</xmin>
			<ymin>248</ymin>
			<xmax>723</xmax>
			<ymax>285</ymax>
		</bndbox>
	</object>
	<object>
		<name>c5</name>
		<pose>Unspecified</pose>
		<truncated>0</truncated>
		<difficult>0</difficult>
		<bndbox>
			<xmin>660</xmin>
			<ymin>344</ymin>
			<xmax>686</xmax>
			<ymax>361</ymax>
		</bndbox>
	</object>
	<object>
		<name>c6</name>
		<pose>Unspecified</pose>
		<truncated>0</truncated>
		<difficult>0</difficult>
		<bndbox>
			<xmin>657</xmin>
			<ymin>481</ymin>
			<xmax>683</xmax>
			<ymax>500</ymax>
		</bndbox>
	</object>
	<object>
		<name>c7</name>
		<pose>Unspecified</pose>
		<truncated>0</truncated>
		<difficult>0</difficult>
		<bndbox>
			<xmin>651</xmin>
			<ymin>534</ymin>
			<xmax>703</xmax>
			<ymax>576</ymax>
		</bndbox>
	</object>
	<object>
		<name>c14</name>
		<pose>Unspecified</pose>
		<truncated>0</truncated>
		<difficult>0</difficult>
		<bndbox>
			<xmin>57</xmin>
			<ymin>481</ymin>
			<xmax>136</xmax>
			<ymax>519</ymax>
		</bndbox>
	</object>
	<object>
		<name>c13</name>
		<pose>Unspecified</pose>
		<truncated>0</truncated>
		<difficult>0</difficult>
		<bndbox>
			<xmin>93</xmin>
			<ymin>346</ymin>
			<xmax>133</xmax>
			<ymax>376</ymax>
		</bndbox>
	</object>
	<object>
		<name>c12</name>
		<pose>Unspecified</pose>
		<truncated>0</truncated>
		<difficult>0</difficult>
		<bndbox>
			<xmin>54</xmin>
			<ymin>270</ymin>
			<xmax>130</xmax>
			<ymax>288</ymax>
		</bndbox>
	</object>
	<object>
		<name>c11</name>
		<pose>Unspecified</pose>
		<truncated>0</truncated>
		<difficult>0</difficult>
		<bndbox>
			<xmin>53</xmin>
			<ymin>205</ymin>
			<xmax>133</xmax>
			<ymax>252</ymax>
		</bndbox>
	</object>
	<object>
		<name>c10</name>
		<pose>Unspecified</pose>
		<truncated>0</truncated>
		<difficult>0</difficult>
		<bndbox>
			<xmin>92</xmin>
			<ymin>161</ymin>
			<xmax>127</xmax>
			<ymax>185</ymax>
		</bndbox>
	</object>
	<object>
		<name>c9</name>
		<pose>Unspecified</pose>
		<truncated>0</truncated>
		<difficult>0</difficult>
		<bndbox>
			<xmin>58</xmin>
			<ymin>76</ymin>
			<xmax>134</xmax>
			<ymax>106</ymax>
		</bndbox>
	</object>
	<object>
		<name>c8</name>
		<pose>Unspecified</pose>
		<truncated>0</truncated>
		<difficult>0</difficult>
		<bndbox>
			<xmin>53</xmin>
			<ymin>25</ymin>
			<xmax>132</xmax>
			<ymax>63</ymax>
		</bndbox>
	</object>
</annotation>
