<annotation>
	<folder>images</folder>
	<filename>base90 (2).jpg</filename>
	<path>D:\PythonProject\MaskRCNN\workspace\images\base90 (2).jpg</path>
	<source>
		<database>Unknown</database>
	</source>
	<size>
		<width>800</width>
		<height>600</height>
		<depth>3</depth>
	</size>
	<segmented>0</segmented>
	<object>
		<name>c1</name>
		<pose>Unspecified</pose>
		<truncated>0</truncated>
		<difficult>0</difficult>
		<bndbox>
			<xmin>87</xmin>
			<ymin>509</ymin>
			<xmax>144</xmax>
			<ymax>550</ymax>
		</bndbox>
	</object>
	<object>
		<name>c2</name>
		<pose>Unspecified</pose>
		<truncated>0</truncated>
		<difficult>0</difficult>
		<bndbox>
			<xmin>56</xmin>
			<ymin>451</ymin>
			<xmax>141</xmax>
			<ymax>488</ymax>
		</bndbox>
	</object>
	<object>
		<name>c3</name>
		<pose>Unspecified</pose>
		<truncated>0</truncated>
		<difficult>0</difficult>
		<bndbox>
			<xmin>110</xmin>
			<ymin>369</ymin>
			<xmax>142</xmax>
			<ymax>394</ymax>
		</bndbox>
	</object>
	<object>
		<name>c4</name>
		<pose>Unspecified</pose>
		<truncated>0</truncated>
		<difficult>0</difficult>
		<bndbox>
			<xmin>73</xmin>
			<ymin>314</ymin>
			<xmax>146</xmax>
			<ymax>357</ymax>
		</bndbox>
	</object>
	<object>
		<name>c5</name>
		<pose>Unspecified</pose>
		<truncated>0</truncated>
		<difficult>0</difficult>
		<bndbox>
			<xmin>113</xmin>
			<ymin>238</ymin>
			<xmax>143</xmax>
			<ymax>257</ymax>
		</bndbox>
	</object>
	<object>
		<name>c6</name>
		<pose>Unspecified</pose>
		<truncated>0</truncated>
		<difficult>0</difficult>
		<bndbox>
			<xmin>117</xmin>
			<ymin>100</ymin>
			<xmax>145</xmax>
			<ymax>121</ymax>
		</bndbox>
	</object>
	<object>
		<name>c7</name>
		<pose>Unspecified</pose>
		<truncated>0</truncated>
		<difficult>0</difficult>
		<bndbox>
			<xmin>95</xmin>
			<ymin>21</ymin>
			<xmax>153</xmax>
			<ymax>66</ymax>
		</bndbox>
	</object>
	<object>
		<name>c8</name>
		<pose>Unspecified</pose>
		<truncated>0</truncated>
		<difficult>0</difficult>
		<bndbox>
			<xmin>671</xmin>
			<ymin>534</ymin>
			<xmax>749</xmax>
			<ymax>579</ymax>
		</bndbox>
	</object>
	<object>
		<name>c9</name>
		<pose>Unspecified</pose>
		<truncated>0</truncated>
		<difficult>0</difficult>
		<bndbox>
			<xmin>672</xmin>
			<ymin>497</ymin>
			<xmax>744</xmax>
			<ymax>524</ymax>
		</bndbox>
	</object>
	<object>
		<name>c10</name>
		<pose>Unspecified</pose>
		<truncated>0</truncated>
		<difficult>0</difficult>
		<bndbox>
			<xmin>675</xmin>
			<ymin>416</ymin>
			<xmax>708</xmax>
			<ymax>443</ymax>
		</bndbox>
	</object>
	<object>
		<name>c11</name>
		<pose>Unspecified</pose>
		<truncated>0</truncated>
		<difficult>0</difficult>
		<bndbox>
			<xmin>673</xmin>
			<ymin>346</ymin>
			<xmax>749</xmax>
			<ymax>393</ymax>
		</bndbox>
	</object>
	<object>
		<name>c12</name>
		<pose>Unspecified</pose>
		<truncated>0</truncated>
		<difficult>0</difficult>
		<bndbox>
			<xmin>670</xmin>
			<ymin>308</ymin>
			<xmax>747</xmax>
			<ymax>332</ymax>
		</bndbox>
	</object>
	<object>
		<name>c13</name>
		<pose>Unspecified</pose>
		<truncated>0</truncated>
		<difficult>0</difficult>
		<bndbox>
			<xmin>669</xmin>
			<ymin>227</ymin>
			<xmax>709</xmax>
			<ymax>253</ymax>
		</bndbox>
	</object>
	<object>
		<name>c14</name>
		<pose>Unspecified</pose>
		<truncated>0</truncated>
		<difficult>0</difficult>
		<bndbox>
			<xmin>670</xmin>
			<ymin>80</ymin>
			<xmax>744</xmax>
			<ymax>125</ymax>
		</bndbox>
	</object>
</annotation>
