<annotation>
	<folder>images</folder>
	<filename>base - Copy.jpg</filename>
	<path>D:\PythonProject\MaskRCNN\workspace\images\base - Copy.jpg</path>
	<source>
		<database>Unknown</database>
	</source>
	<size>
		<width>860</width>
		<height>627</height>
		<depth>3</depth>
	</size>
	<segmented>0</segmented>
	<object>
		<name>c1</name>
		<pose>Unspecified</pose>
		<truncated>0</truncated>
		<difficult>0</difficult>
		<bndbox>
			<xmin>86</xmin>
			<ymin>67</ymin>
			<xmax>127</xmax>
			<ymax>116</ymax>
		</bndbox>
	</object>
	<object>
		<name>c2</name>
		<pose>Unspecified</pose>
		<truncated>0</truncated>
		<difficult>0</difficult>
		<bndbox>
			<xmin>162</xmin>
			<ymin>42</ymin>
			<xmax>212</xmax>
			<ymax>113</ymax>
		</bndbox>
	</object>
	<object>
		<name>c4</name>
		<pose>Unspecified</pose>
		<truncated>0</truncated>
		<difficult>0</difficult>
		<bndbox>
			<xmin>355</xmin>
			<ymin>59</ymin>
			<xmax>407</xmax>
			<ymax>112</ymax>
		</bndbox>
	</object>
	<object>
		<name>c5</name>
		<pose>Unspecified</pose>
		<truncated>0</truncated>
		<difficult>0</difficult>
		<bndbox>
			<xmin>493</xmin>
			<ymin>88</ymin>
			<xmax>520</xmax>
			<ymax>113</ymax>
		</bndbox>
	</object>
	<object>
		<name>c6</name>
		<pose>Unspecified</pose>
		<truncated>0</truncated>
		<difficult>0</difficult>
		<bndbox>
			<xmin>691</xmin>
			<ymin>92</ymin>
			<xmax>716</xmax>
			<ymax>114</ymax>
		</bndbox>
	</object>
	<object>
		<name>c7</name>
		<pose>Unspecified</pose>
		<truncated>0</truncated>
		<difficult>0</difficult>
		<bndbox>
			<xmin>767</xmin>
			<ymin>74</ymin>
			<xmax>825</xmax>
			<ymax>123</ymax>
		</bndbox>
	</object>
	<object>
		<name>c8</name>
		<pose>Unspecified</pose>
		<truncated>0</truncated>
		<difficult>0</difficult>
		<bndbox>
			<xmin>34</xmin>
			<ymin>528</ymin>
			<xmax>90</xmax>
			<ymax>585</ymax>
		</bndbox>
	</object>
	<object>
		<name>c9</name>
		<pose>Unspecified</pose>
		<truncated>0</truncated>
		<difficult>0</difficult>
		<bndbox>
			<xmin>108</xmin>
			<ymin>525</ymin>
			<xmax>150</xmax>
			<ymax>582</ymax>
		</bndbox>
	</object>
	<object>
		<name>c11</name>
		<pose>Unspecified</pose>
		<truncated>0</truncated>
		<difficult>0</difficult>
		<bndbox>
			<xmin>297</xmin>
			<ymin>524</ymin>
			<xmax>362</xmax>
			<ymax>585</ymax>
		</bndbox>
	</object>
	<object>
		<name>c10</name>
		<pose>Unspecified</pose>
		<truncated>0</truncated>
		<difficult>0</difficult>
		<bndbox>
			<xmin>230</xmin>
			<ymin>527</ymin>
			<xmax>262</xmax>
			<ymax>554</ymax>
		</bndbox>
	</object>
	<object>
		<name>c13</name>
		<pose>Unspecified</pose>
		<truncated>0</truncated>
		<difficult>0</difficult>
		<bndbox>
			<xmin>496</xmin>
			<ymin>521</ymin>
			<xmax>537</xmax>
			<ymax>557</ymax>
		</bndbox>
	</object>
	<object>
		<name>c14</name>
		<pose>Unspecified</pose>
		<truncated>0</truncated>
		<difficult>0</difficult>
		<bndbox>
			<xmin>682</xmin>
			<ymin>526</ymin>
			<xmax>747</xmax>
			<ymax>582</ymax>
		</bndbox>
	</object>
</annotation>
