<annotation>
	<folder>images</folder>
	<filename>base - Copy (11) - Copy.jpg</filename>
	<path>D:\PythonProject\MaskRCNN\workspace\images\base - Copy (11) - Copy.jpg</path>
	<source>
		<database>Unknown</database>
	</source>
	<size>
		<width>860</width>
		<height>627</height>
		<depth>3</depth>
	</size>
	<segmented>0</segmented>
	<object>
		<name>c1</name>
		<pose>Unspecified</pose>
		<truncated>0</truncated>
		<difficult>0</difficult>
		<bndbox>
			<xmin>85</xmin>
			<ymin>64</ymin>
			<xmax>130</xmax>
			<ymax>115</ymax>
		</bndbox>
	</object>
	<object>
		<name>c2</name>
		<pose>Unspecified</pose>
		<truncated>0</truncated>
		<difficult>0</difficult>
		<bndbox>
			<xmin>162</xmin>
			<ymin>42</ymin>
			<xmax>211</xmax>
			<ymax>109</ymax>
		</bndbox>
	</object>
	<object>
		<name>c3</name>
		<pose>Unspecified</pose>
		<truncated>0</truncated>
		<difficult>0</difficult>
		<bndbox>
			<xmin>300</xmin>
			<ymin>84</ymin>
			<xmax>327</xmax>
			<ymax>111</ymax>
		</bndbox>
	</object>
	<object>
		<name>c4</name>
		<pose>Unspecified</pose>
		<truncated>0</truncated>
		<difficult>0</difficult>
		<bndbox>
			<xmin>357</xmin>
			<ymin>58</ymin>
			<xmax>407</xmax>
			<ymax>111</ymax>
		</bndbox>
	</object>
	<object>
		<name>c5</name>
		<pose>Unspecified</pose>
		<truncated>0</truncated>
		<difficult>0</difficult>
		<bndbox>
			<xmin>495</xmin>
			<ymin>89</ymin>
			<xmax>519</xmax>
			<ymax>112</ymax>
		</bndbox>
	</object>
	<object>
		<name>c6</name>
		<pose>Unspecified</pose>
		<truncated>0</truncated>
		<difficult>0</difficult>
		<bndbox>
			<xmin>692</xmin>
			<ymin>93</ymin>
			<xmax>714</xmax>
			<ymax>112</ymax>
		</bndbox>
	</object>
	<object>
		<name>c7</name>
		<pose>Unspecified</pose>
		<truncated>0</truncated>
		<difficult>0</difficult>
		<bndbox>
			<xmin>767</xmin>
			<ymin>74</ymin>
			<xmax>825</xmax>
			<ymax>122</ymax>
		</bndbox>
	</object>
	<object>
		<name>c8</name>
		<pose>Unspecified</pose>
		<truncated>0</truncated>
		<difficult>0</difficult>
		<bndbox>
			<xmin>33</xmin>
			<ymin>527</ymin>
			<xmax>89</xmax>
			<ymax>584</ymax>
		</bndbox>
	</object>
	<object>
		<name>c9</name>
		<pose>Unspecified</pose>
		<truncated>0</truncated>
		<difficult>0</difficult>
		<bndbox>
			<xmin>111</xmin>
			<ymin>525</ymin>
			<xmax>149</xmax>
			<ymax>581</ymax>
		</bndbox>
	</object>
	<object>
		<name>c11</name>
		<pose>Unspecified</pose>
		<truncated>0</truncated>
		<difficult>0</difficult>
		<bndbox>
			<xmin>299</xmin>
			<ymin>525</ymin>
			<xmax>361</xmax>
			<ymax>585</ymax>
		</bndbox>
	</object>
	<object>
		<name>c12</name>
		<pose>Unspecified</pose>
		<truncated>0</truncated>
		<difficult>0</difficult>
		<bndbox>
			<xmin>388</xmin>
			<ymin>526</ymin>
			<xmax>413</xmax>
			<ymax>585</ymax>
		</bndbox>
	</object>
	<object>
		<name>c13</name>
		<pose>Unspecified</pose>
		<truncated>0</truncated>
		<difficult>0</difficult>
		<bndbox>
			<xmin>498</xmin>
			<ymin>525</ymin>
			<xmax>536</xmax>
			<ymax>556</ymax>
		</bndbox>
	</object>
	<object>
		<name>c14</name>
		<pose>Unspecified</pose>
		<truncated>0</truncated>
		<difficult>0</difficult>
		<bndbox>
			<xmin>680</xmin>
			<ymin>523</ymin>
			<xmax>746</xmax>
			<ymax>581</ymax>
		</bndbox>
	</object>
</annotation>
